,F10A3,F10B5,F10C3,F10D1,F10E5,F10F1,F10G2,F11A3,F11B1,F11C2,F11D1,F11D4,F11G3,F12E1,F12F5,F12G1,F15A6,F15C5,F15C8,F15D1,F15D2,F15E1,F15E7,F15F5,F16A5,F16B2,F16B6,F16G6,F17A7,F17B1,F17C1,F17F5,F17G3,F18B2,F3F1,F5B1,F5B2,F6A4,F6C4,F6E2,F6E4,F7A6,F7B1,F7D4,F7F3,F8A1,F8B5,F8C5,F8D3,F9B6,F9F2,F9F3,K1,K2,K3
69714,1,0,1,1,0,0,0,1,1,1,0,1,0,0,1,1,0,0,0,0,1,0,0,1,0,0,0,1,0,0,0,0,0,1,1,1,0,1,0,0,1,0,1,0,1,1,0,1,1,0,1,0,0,1,1
69715,1,0,1,1,1,0,1,1,0,1,0,1,0,0,1,1,0,0,0,0,1,0,0,1,0,0,0,1,0,0,0,0,0,1,1,1,0,0,0,0,1,0,0,0,1,1,0,0,0,0,1,0,0,0,1
69716,1,1,1,0,0,0,0,1,1,1,0,1,0,0,1,0,0,0,0,0,1,0,0,1,0,0,0,1,0,0,0,0,0,1,1,1,0,1,0,0,0,0,1,0,1,0,0,1,1,1,1,0,1,1,1
69717,0,1,1,1,0,0,1,1,0,1,0,1,0,0,0,0,0,0,0,0,1,0,0,1,0,0,0,1,0,0,1,0,0,1,1,0,0,1,0,0,1,1,1,0,1,1,0,0,1,1,1,0,1,1,1
69718,1,1,0,1,0,0,1,0,0,1,0,1,0,0,1,0,0,0,0,0,1,0,0,1,0,0,1,1,0,1,1,1,0,1,1,0,0,1,0,0,1,0,1,0,1,0,0,0,1,0,1,0,1,1,1
69719,0,1,1,0,0,0,1,0,1,1,0,1,1,0,0,1,0,0,0,0,0,0,1,0,0,0,1,1,0,1,0,0,0,1,0,0,0,0,0,0,0,1,0,1,1,1,0,1,1,1,1,0,1,0,1
69720,0,0,1,1,1,0,1,0,0,1,0,0,0,0,1,1,0,0,0,0,0,0,0,1,0,0,1,1,1,1,1,0,1,1,0,0,0,1,0,0,1,0,1,0,0,0,0,0,0,0,0,0,0,1,0
69721,0,1,1,1,1,0,1,0,0,1,0,1,0,0,1,1,0,0,0,0,0,0,0,0,0,0,1,0,0,1,1,1,0,0,1,1,0,1,0,0,0,1,1,0,1,0,0,0,0,0,1,0,1,1,1
69722,0,1,1,1,1,0,1,0,1,1,0,0,1,1,1,0,0,1,0,0,0,0,1,1,0,0,1,0,1,1,0,0,0,0,1,1,0,1,0,0,0,1,0,0,1,0,1,0,0,0,0,0,1,1,1
69723,0,1,1,1,1,1,1,0,1,1,0,1,1,1,1,0,0,1,0,0,0,0,1,0,0,0,1,0,0,1,1,0,0,0,1,1,0,1,0,0,0,1,1,0,1,0,0,1,0,0,1,1,1,1,1
69724,0,1,1,1,1,0,1,1,1,1,0,1,1,1,1,0,0,0,0,0,0,0,1,0,0,0,0,0,0,0,0,0,0,1,1,1,0,1,0,0,0,0,1,0,1,0,1,1,0,0,1,1,1,1,1
69725,0,1,1,1,1,0,1,0,1,1,0,1,1,1,1,1,0,1,0,0,0,0,1,1,1,0,0,0,0,0,0,0,0,1,1,1,0,1,1,0,0,1,1,0,1,0,1,1,0,1,1,0,1,1,1
69726,0,1,1,0,1,1,1,0,1,1,0,1,0,1,1,1,0,1,0,1,0,0,1,1,1,1,0,0,1,0,0,0,0,1,1,1,0,1,0,0,0,1,1,0,1,1,1,1,0,0,1,0,1,1,1
69727,0,1,1,0,1,0,1,1,0,1,0,1,0,1,1,0,0,0,0,0,0,0,0,1,1,0,0,0,0,0,0,0,0,0,1,1,0,1,0,0,0,1,1,0,1,0,1,1,0,0,1,1,1,1,1
69728,0,1,1,1,0,0,1,0,1,1,0,1,1,1,1,0,0,0,0,0,0,0,1,1,0,0,0,0,0,0,0,0,0,1,0,1,0,1,0,0,0,1,1,0,1,1,1,1,0,0,1,1,1,1,1
69729,0,1,1,0,1,1,1,1,0,1,0,0,1,1,0,0,0,0,1,1,0,0,1,1,1,0,0,0,0,0,0,0,0,0,1,1,1,1,0,0,0,0,1,0,1,0,1,1,1,0,0,0,1,1,1
69730,0,1,1,0,1,1,1,1,0,0,0,0,0,0,1,0,0,0,0,1,0,0,1,0,0,0,0,0,0,0,0,0,0,0,0,1,1,1,0,0,0,1,1,0,1,1,1,0,1,0,1,0,1,1,1
69731,1,0,0,0,0,1,1,0,0,0,0,0,0,0,0,0,0,0,0,0,0,0,0,0,0,0,0,0,0,0,1,0,0,0,0,1,0,1,1,0,0,0,1,0,0,0,1,0,0,0,0,0,0,1,0
69732,1,1,0,0,1,0,1,0,1,0,0,0,0,1,0,0,0,0,0,1,0,0,0,0,1,0,0,0,0,0,0,0,0,0,1,1,1,0,1,0,0,1,1,0,1,1,1,0,1,0,1,1,1,0,1
69733,1,1,1,0,1,1,1,1,0,1,0,1,0,1,1,0,0,0,0,1,0,1,0,0,1,0,0,0,0,0,0,0,0,0,1,1,1,1,1,0,0,0,1,0,1,1,1,0,0,1,1,1,1,1,1
69734,0,1,1,0,1,1,0,1,0,0,0,1,1,1,0,0,1,0,0,1,0,1,1,0,1,0,0,0,0,0,1,0,0,0,0,1,1,1,0,0,0,0,0,1,1,0,1,0,0,0,1,1,1,1,1
69735,0,1,1,0,1,0,1,1,0,1,0,1,0,1,0,0,1,0,0,1,0,1,1,0,1,0,0,0,0,0,0,0,0,0,1,1,0,1,1,1,0,0,1,1,1,1,1,0,1,1,1,1,1,1,1
69736,0,1,1,0,1,1,1,1,0,0,0,1,0,1,0,0,1,0,0,1,0,0,1,0,1,0,0,0,0,0,0,0,0,0,1,1,0,1,1,1,0,0,1,0,1,1,1,0,1,1,0,1,1,1,1
69737,0,1,0,0,1,1,1,1,0,0,0,1,0,1,0,0,1,1,0,0,1,1,1,0,1,0,0,0,0,0,0,0,0,0,1,1,0,1,0,1,0,0,1,1,1,0,1,1,1,0,0,1,1,1,1
69738,0,1,1,0,1,1,1,1,0,1,0,1,0,0,1,0,1,0,0,0,1,1,1,0,1,0,0,0,0,0,1,0,0,0,1,1,1,1,0,1,0,0,1,1,1,0,1,1,1,0,0,1,1,1,1
69739,0,1,1,0,0,1,1,1,0,0,0,0,1,0,0,0,1,0,0,0,1,1,1,0,1,1,0,0,0,0,0,0,0,0,0,1,1,1,0,1,0,0,1,0,1,0,1,0,1,0,0,0,1,1,1
69740,0,1,0,0,0,1,1,1,1,1,0,0,0,0,0,0,1,0,0,0,1,1,1,0,1,1,0,0,0,0,0,0,0,0,0,0,1,1,0,1,0,0,1,1,1,0,0,1,1,0,0,0,1,1,1
69741,0,1,1,0,1,1,1,1,0,1,0,0,0,1,1,0,1,0,0,1,0,1,0,0,1,1,0,0,0,0,1,0,0,0,0,1,1,1,0,1,0,0,1,1,1,0,1,0,1,0,0,0,1,1,1
69742,1,1,1,1,0,1,0,1,0,1,0,1,0,1,1,0,1,0,0,1,0,1,1,0,1,0,0,0,0,0,0,0,0,0,0,0,1,1,0,1,0,0,1,1,1,0,1,0,0,0,1,0,1,1,1
69743,1,1,1,0,1,1,1,1,0,1,0,0,0,1,1,0,1,0,1,0,0,1,1,0,1,1,0,0,0,0,0,0,0,0,0,0,1,1,0,1,0,1,1,0,1,0,1,0,1,0,1,1,1,1,1
69744,1,0,1,0,1,1,1,0,0,1,1,0,0,1,1,0,1,0,1,1,1,0,1,0,1,1,0,0,0,0,0,0,0,0,0,1,1,1,1,1,0,1,1,0,1,1,0,1,1,0,1,1,0,1,1
69745,1,0,1,0,1,1,1,1,0,1,1,0,1,1,1,0,1,0,0,0,0,0,1,0,1,1,0,0,0,0,1,0,0,0,1,1,1,1,0,1,0,0,1,0,1,1,0,0,1,0,0,1,0,1,1
69746,1,1,1,0,1,1,1,1,0,1,0,0,1,1,1,0,1,0,1,1,0,1,1,0,1,1,0,0,0,0,1,0,0,0,1,1,1,1,0,1,0,1,0,0,1,0,1,1,1,0,1,0,1,1,1
69747,1,0,1,0,1,1,1,1,0,1,0,0,1,1,1,0,1,0,1,0,1,0,0,0,0,1,0,0,0,0,1,0,0,0,1,0,1,1,0,1,0,1,0,0,1,0,1,1,0,0,0,1,0,1,1
69748,1,1,1,0,1,1,1,1,0,1,1,0,1,1,1,0,1,0,0,1,1,0,0,0,1,0,0,0,0,0,0,0,0,0,1,0,0,1,0,1,0,1,1,0,1,0,1,0,1,0,0,0,1,1,1
69749,1,1,1,0,1,1,1,1,0,1,0,0,0,1,1,0,1,1,1,1,1,1,0,0,1,1,0,0,1,0,1,1,0,0,1,0,0,1,0,0,0,1,1,0,1,0,1,1,0,0,1,0,1,1,1
69750,0,1,0,0,1,0,1,0,0,1,1,0,1,1,0,0,0,0,1,1,0,0,1,0,1,1,0,0,0,0,1,0,0,0,1,1,1,1,0,0,0,0,0,0,1,0,1,1,1,0,1,0,1,1,1
69751,0,1,1,0,1,1,1,0,0,1,1,0,0,1,1,0,0,0,0,1,1,0,1,0,1,1,0,0,1,0,0,0,0,0,0,1,1,1,0,1,0,1,0,0,1,0,1,1,0,0,0,0,1,1,1
69752,1,1,1,0,1,1,0,0,0,1,0,0,0,1,1,0,1,0,0,1,1,0,1,0,1,1,0,0,0,0,1,1,0,0,1,1,1,1,1,1,0,1,1,0,1,0,1,1,0,1,1,0,1,1,1
69753,1,0,0,0,0,0,0,0,0,1,0,0,0,1,0,0,1,0,0,0,0,0,0,0,1,1,0,0,0,0,0,0,0,0,0,0,1,1,0,0,0,1,1,0,1,0,1,1,1,0,0,0,0,1,1
69754,1,1,1,0,1,0,0,1,0,1,0,0,0,1,0,0,1,0,0,1,1,0,0,0,1,1,0,0,0,0,1,1,1,0,0,1,1,1,1,0,0,1,0,0,1,0,1,0,0,1,0,0,1,1,1
69755,1,1,1,0,1,1,0,1,0,1,0,0,1,1,1,0,1,0,0,1,1,1,1,0,1,1,0,0,0,0,1,1,0,0,0,1,1,1,1,1,0,1,1,0,1,0,1,0,1,1,0,0,1,1,1
69756,1,1,1,0,1,1,0,1,0,1,1,0,1,1,0,0,1,1,0,1,0,0,1,0,1,1,0,0,1,0,1,0,0,0,1,1,1,1,1,1,0,1,0,0,1,0,1,1,1,0,0,0,1,1,1
69757,0,0,0,0,1,0,0,0,0,1,0,0,0,0,0,0,1,0,0,0,0,0,0,0,0,1,0,0,0,0,0,1,0,0,0,1,1,0,0,0,0,0,0,0,0,1,0,0,1,0,0,0,0,0,0
69758,0,0,0,0,0,0,0,0,0,0,0,0,0,0,0,0,0,0,0,0,0,0,0,0,0,0,0,0,0,0,0,0,0,0,0,0,0,0,0,0,0,0,0,0,0,0,0,0,0,0,0,0,0,0,0
69759,0,0,1,0,0,0,0,0,0,0,0,0,0,0,0,0,0,0,0,0,0,1,0,0,0,0,0,0,0,0,0,0,0,0,0,1,0,0,0,0,0,0,0,0,0,0,0,0,0,0,0,0,0,0,0
69760,0,1,1,0,1,1,1,1,0,1,1,0,0,0,1,0,1,0,1,1,1,0,0,0,1,1,0,0,1,0,0,0,0,0,1,1,0,1,1,1,0,1,1,0,0,1,1,1,1,0,0,0,1,1,0
69761,0,1,1,0,1,1,1,1,0,1,1,0,1,0,0,0,1,0,1,1,1,0,1,0,1,1,0,0,1,0,0,0,0,0,1,1,0,1,1,1,0,1,1,1,1,0,1,1,1,0,0,1,1,1,1
69762,0,1,1,0,1,1,1,1,0,1,0,0,1,1,0,0,0,0,0,1,1,0,1,0,1,1,0,0,0,0,0,0,0,0,1,1,0,1,1,1,0,1,1,0,1,0,1,1,1,0,0,0,1,1,1
69763,0,0,0,0,0,1,1,1,0,1,1,0,1,1,1,0,0,0,0,1,1,0,1,0,0,1,0,0,1,0,0,0,0,0,1,1,1,1,1,1,0,1,1,1,1,0,1,1,1,0,0,1,0,1,1
69764,1,0,1,0,1,0,0,1,0,0,1,0,1,1,1,0,0,0,0,1,1,1,1,0,1,0,0,0,1,0,0,0,0,0,1,1,0,1,1,1,0,1,1,1,1,0,1,1,1,0,0,1,0,1,1
69765,1,1,1,0,1,1,0,1,0,1,1,0,1,1,1,0,0,0,0,1,0,0,0,0,1,1,0,0,1,0,0,0,0,0,1,0,0,1,1,1,0,0,0,1,1,0,1,1,1,0,0,1,1,1,1
69766,0,1,1,0,1,0,0,1,0,0,1,0,0,1,1,0,0,0,0,1,1,0,0,0,1,1,0,0,1,0,1,0,0,0,1,1,1,1,0,1,0,1,1,0,0,0,1,0,1,1,0,1,1,1,0
69767,0,1,1,0,1,0,0,1,0,0,1,0,0,1,1,0,0,0,1,1,0,0,0,0,1,1,0,0,1,0,1,1,0,0,1,1,1,1,1,0,0,1,1,0,0,0,1,1,0,0,1,0,1,1,0
69768,1,1,0,0,1,1,1,1,0,0,1,0,1,0,1,0,1,0,1,1,0,0,0,0,1,0,0,0,1,0,0,1,0,0,1,1,1,1,0,0,0,1,1,0,1,1,1,1,1,0,0,0,1,1,1
69769,1,1,1,0,0,1,0,1,0,0,1,0,1,1,1,0,0,0,1,1,0,1,1,0,1,0,0,0,1,0,0,1,1,0,1,1,1,1,0,0,0,1,1,0,0,0,1,0,0,0,0,1,1,1,0
69770,1,1,1,0,1,1,0,1,0,1,1,0,0,1,1,0,0,0,0,1,0,1,0,1,1,0,0,0,0,0,0,1,1,0,1,1,1,1,0,0,0,1,1,1,1,0,1,1,0,1,0,1,1,1,1
69771,1,1,1,1,1,1,0,1,0,1,0,0,1,1,1,0,0,0,0,1,0,0,1,0,1,0,0,0,0,0,1,0,1,0,1,1,0,1,0,0,0,1,1,0,0,0,0,1,0,1,0,1,1,1,0
69772,1,1,1,1,1,1,0,0,0,1,1,0,1,1,1,0,0,1,0,1,0,0,1,0,1,0,0,0,0,0,0,0,1,0,1,1,0,1,0,0,0,1,1,0,0,0,1,1,0,1,0,1,1,1,0
69773,1,1,0,0,1,1,1,1,0,0,1,0,0,1,1,0,0,0,0,1,0,0,0,0,1,0,0,0,1,0,0,0,1,0,1,1,0,1,0,0,0,1,1,0,0,0,1,1,0,0,0,1,1,1,0
69774,1,1,1,1,1,1,0,1,0,1,0,1,0,1,1,0,0,1,0,1,0,0,1,0,1,0,0,0,0,0,1,0,1,0,1,1,1,1,0,0,0,1,1,0,1,0,1,0,1,1,0,1,1,1,1
69775,1,1,0,1,1,1,0,1,0,1,1,0,0,1,1,0,0,0,0,0,0,0,0,0,1,1,0,0,0,0,0,0,1,1,1,0,1,1,0,0,0,1,1,0,1,0,0,0,0,0,0,0,1,1,1
69776,1,1,0,1,1,1,0,1,0,1,1,1,1,1,1,0,0,0,0,0,0,0,0,0,1,1,0,0,0,0,0,1,1,1,1,0,0,1,0,0,0,1,1,0,1,0,0,1,0,0,0,0,1,1,1
69777,1,1,0,1,1,1,0,1,0,1,1,1,0,1,1,0,0,1,0,0,0,1,0,0,1,1,0,0,0,0,0,0,1,1,1,1,1,1,0,0,0,1,1,1,1,0,1,0,0,0,0,0,1,1,1
69778,0,1,0,1,1,1,0,1,0,1,1,0,0,1,1,0,0,1,0,0,0,0,0,1,1,0,0,0,0,0,0,1,1,1,1,0,1,1,0,0,0,1,1,1,1,0,1,1,0,0,0,0,1,1,1
69779,0,1,1,1,0,1,0,1,0,0,1,0,0,1,0,1,0,1,1,0,0,0,0,0,1,0,1,0,0,1,0,1,1,1,1,0,0,1,1,0,1,1,1,1,1,0,1,0,0,0,1,0,1,1,1
69780,0,1,0,1,0,1,0,1,0,0,1,0,0,0,1,0,0,1,1,1,1,1,0,0,1,0,0,1,0,0,0,1,1,1,1,1,0,1,0,0,1,1,1,1,1,0,1,0,0,0,1,0,1,1,1
69781,1,1,0,1,1,1,0,1,0,1,0,0,1,1,1,0,0,0,1,1,1,1,0,0,1,1,1,1,0,0,1,1,1,0,1,0,0,1,0,0,1,1,1,1,1,0,1,0,0,0,1,0,1,1,1
69782,1,1,0,1,1,1,0,1,0,1,1,0,0,1,1,0,0,0,1,1,0,0,1,0,1,0,1,0,0,0,1,1,0,0,1,0,0,0,0,0,1,1,0,1,1,0,0,0,0,0,1,0,1,0,1
69783,1,1,1,1,1,1,0,1,0,1,1,1,0,1,0,0,0,0,0,1,1,0,0,0,1,0,1,1,0,1,1,1,1,0,1,0,0,0,0,0,1,1,1,0,1,0,1,0,0,0,1,0,1,0,1
69784,0,1,1,1,0,1,0,1,0,1,1,0,0,0,0,1,0,0,1,0,0,0,1,1,0,0,1,1,0,1,0,0,1,0,1,0,0,0,0,0,0,1,1,0,1,0,0,0,1,1,0,0,1,0,1
69785,1,1,1,1,0,0,0,1,0,1,1,0,0,1,1,0,0,0,0,0,1,0,0,0,0,0,1,1,0,1,0,0,1,0,1,0,0,0,0,0,0,1,0,1,1,0,0,0,1,0,0,0,1,0,1
69786,1,1,1,1,1,1,0,0,1,0,1,0,1,1,0,1,0,0,0,0,0,0,0,1,0,0,1,1,0,1,0,0,0,0,1,0,0,1,0,0,0,1,1,1,1,0,0,1,0,0,1,0,1,1,1
69787,1,1,1,1,0,1,0,1,1,1,1,0,0,0,1,1,0,1,0,0,1,0,0,1,0,0,1,1,0,1,0,0,0,1,1,0,0,0,0,0,1,1,1,1,1,0,0,0,1,1,1,0,1,0,1
69788,1,1,1,1,0,1,0,1,0,1,1,0,0,1,1,1,0,1,0,0,0,0,0,1,0,0,1,1,0,1,0,0,0,0,1,0,0,0,0,0,0,1,1,1,1,0,0,0,0,0,1,0,1,0,1
69789,1,1,1,1,1,1,0,1,0,1,1,0,0,0,1,1,0,1,0,0,1,0,0,1,0,0,1,1,0,1,0,0,0,0,0,0,0,0,0,0,1,1,1,0,1,0,0,0,0,1,0,0,1,0,1
69790,0,0,1,1,1,1,0,1,0,1,0,0,0,1,0,1,0,0,0,0,0,0,0,1,0,0,1,1,0,1,0,0,0,1,1,0,0,0,0,0,0,1,1,1,1,0,0,0,1,0,0,0,0,0,1
69791,0,1,1,1,1,1,0,0,1,1,1,0,1,0,1,1,0,1,0,0,1,0,0,0,0,0,1,1,0,1,0,0,0,0,1,0,0,0,0,0,1,1,1,1,1,0,0,0,0,0,1,0,1,0,1
69792,0,1,1,1,1,1,0,0,1,1,1,0,0,0,0,0,0,0,1,0,1,0,0,1,0,0,1,1,0,0,0,0,0,1,0,0,0,0,0,0,1,1,1,1,1,0,0,0,0,0,1,0,1,0,1
69793,1,1,1,1,1,1,0,0,1,1,1,0,1,0,0,1,0,0,1,0,0,0,0,0,0,0,0,1,0,0,0,0,0,1,0,0,0,0,0,0,1,1,1,0,1,0,0,0,1,0,1,0,1,0,1
69794,1,1,1,1,0,1,0,1,0,1,1,0,0,0,0,1,0,1,0,0,1,0,0,1,0,0,0,1,0,0,0,0,0,0,1,0,0,0,0,0,1,1,1,0,1,0,0,0,1,0,1,0,1,0,1
